name,release_date,rating,rating_top,metacritic,playtime,genres
Super Mario World,1990-11-21,4.37,5,92.0,6,"Platformer, Arcade"
Speedball 2: Brutal Deluxe,1990-01-01,0.0,5,64.0,0,"Arcade, Action, Sports"
Mission: Impossible (1990),1990-09-28,3.85,4,61.0,0,"Adventure, Action"
Gaiares,1990-12-26,0.0,0,,0,
G-LOC: Air Battle,1990-12-15,0.0,0,,0,Arcade
Planet's Edge: The Point of no Return,1990-12-31,0.0,0,,0,
Elvira II: The Jaws of Cerberus (1990),1990-12-31,0.0,0,,0,
Race Drivin',1990-08-10,0.0,0,,0,
Galaxian 3,1990-04-01,0.0,0,,0,
Sol-Feace,1990-11-22,0.0,0,,0,
Totally Rad,1990-09-28,0.0,0,,0,"Platformer, Action"
RollerGames,1990-01-01,0.0,0,,0,Sports
Flight of the Intruder,1990-01-01,0.0,0,,0,Simulation
BLADES OF STEEL,1990-01-01,0.0,0,,0,Sports
Death Race,1990-01-01,0.0,0,,0,Action
DuckTales: The Quest for Gold,1990-01-01,3.75,4,,0,"Arcade, Action"
Shockwave,1990-01-01,0.0,0,,0,Puzzle
Chip 'n' Dale Rescue Rangers: The Adventure in Nimnul's Castle,1990-01-01,0.0,0,,0,Arcade
King Neptune's Adventure,1990-01-01,0.0,0,,0,Adventure
Infestation (1990),1990-01-01,0.0,0,,0,
Rastan,1990-01-01,0.0,0,,0,Arcade
DarkSpyre,1990-01-01,0.0,0,,0,RPG
Cisco Heat,1990-01-01,0.0,0,,0,"Racing, Arcade"
Super Deluxe Scrabble,1990-01-01,0.0,0,,0,Board Games
Spaceward Ho! (1990),1990-01-01,0.0,0,,0,
Bill & Ted's Excellent Adventure,1990-01-01,0.0,0,,0,"Adventure, Action"
Hugo's House of Horrors,1990-01-01,0.0,3,,0,Adventure
The Lord of the Rings Volume One,1990-01-01,0.0,1,,0,RPG
Wild Wheels,1990-01-01,0.0,0,,0,Arcade
Geisha,1990-01-01,0.0,0,,0,Adventure
Moonbase,1990-01-01,0.0,0,,0,
Adidas Championship Football,1990-01-01,0.0,0,,0,Sports
Street Rod 2,1990-01-01,0.0,0,,0,"Racing, Arcade"
Outnumbered! A Super Solvers Math Adventure,1990-01-01,0.0,0,,0,"Educational, Arcade"
Wild Streets,1990-01-01,0.0,0,,0,Arcade
DragonLance Vol. 1: Champions of Krynn,1990-01-01,0.0,0,,0,RPG
Nitro,1990-01-01,0.0,0,,0,Racing
Hammerfist,1990-01-01,0.0,0,,0,
MiG-29 Fulcrum (1990),1990-01-01,0.0,0,,0,
Mad Professor Mariarti,1990-01-01,0.0,0,,0,Puzzle
Midnight Mutants,1990-01-01,0.0,0,,0,
Toyota Celica GT,1990-01-01,0.0,0,,0,Racing
Moonshine Racers,1990-01-01,0.0,0,,0,"Racing, Arcade"
Kenny Dalglish Soccer Match,1990-01-01,0.0,0,,0,Sports
Trampoline Terror!,1990-01-01,0.0,0,,0,Action
Slap Shot,1990-01-01,0.0,0,,0,Action
Final Zone,1990-01-01,0.0,0,,0,
USAAF Mustang,1990-01-01,0.0,0,,0,
Les Tuniques Bleues : Nord & Sud,1990-01-01,0.0,0,,0,Strategy
Arkista's Ring,1990-06-01,0.0,0,,0,
SITris,1990-05-01,0.0,0,,0,Arcade
Lords of Chaos,1990-04-01,0.0,0,,0,
Galleons of Glory: The Secret Voyage of Magellan,1990-04-08,0.0,0,,0,Strategy
Dead Heat Scramble,1990-04-20,0.0,0,,0,Racing
SD Snatcher,1990-04-27,0.0,0,,0,"Adventure, RPG"
Blue Blink,1990-04-27,0.0,0,,0,"Platformer, Action"
Zoom!,1990-01-13,0.0,0,,0,Puzzle
The Cyber Shinobi,1990-01-10,0.0,0,,0,Action
Pat Riley Basketball,1990-03-02,0.0,0,,0,"Simulation, Sports"
Dynowarz: Destruction of Spondylus,1990-04-01,0.0,0,,0,Platformer
Magician,1990-03-01,0.0,0,,0,
Wings of Death,1990-01-01,0.0,0,,0,
Batman: The Movie,1990-01-01,0.0,3,,0,Arcade
Hard Drivin' (1990),1990-12-21,0.0,0,,0,
The Killing Cloud,1990-12-31,0.0,0,,0,"Action, Simulation"
Darius II,1990-12-20,0.0,0,,0,
Arrow Flash,1990-12-20,0.0,0,,0,
Adventures of Lolo 3,1990-12-26,0.0,0,,0,Puzzle
Horse Racing Simulator,1990-11-14,0.0,0,,0,"Simulation, Sports"
Golgo 13: The Mafat Conspiracy,1990-07-27,0.0,0,,0,Action
Tasmania Story,1990-07-27,0.0,0,,0,Action
Shadow Blasters,1990-08-09,0.0,0,,0,Platformer
Time Lord,1990-09-01,0.0,0,,0,Action
Astro Rabby,1990-10-12,0.0,0,,0,Action
Bimini Run,1990-10-10,0.0,0,,0,Action
Commander Keen (1990),1990-12-17,0.0,0,,0,Platformer
Cutie Suzuki no Ringside Angel,1990-12-12,0.0,0,,0,"Fighting, Sports"
New Ghostbusters II,1990-12-26,4.38,4,,0,Action
Unreal (1990),1990-01-01,0.0,0,,0,Action
Valis III,1990-09-07,0.0,0,,0,"Adventure, Action"
Final Countdown,1990-01-01,0.0,0,,0,Action
A Nightmare on Elm Street,1990-10-01,0.0,0,,0,"Platformer, Adventure"
Stormovik: The SU-25 Soviet Attack Fighter,1990-01-01,0.0,0,,0,Simulation
SimEarth,1990-01-01,0.0,0,,0,Simulation
Horror of Cridewell,1990-01-01,0.0,0,,0,Adventure
Super Buster Bros,1990-11-03,0.0,0,,0,"Shooter, Platformer"
Mega Twins,1990-06-01,0.0,0,,0,
ActRaiser (1990),1990-12-16,3.72,3,,0,"Action, Simulation"
Commander Keen 2: The Earth Explodes,1990-12-14,3.25,3,,0,"Platformer, Arcade, Action"
Domino,1990-01-01,0.0,0,,0,"Action, Casual, Strategy, Arcade, Simulation, Indie, Board Games"
Crossed Swords,1990-07-01,0.0,0,,0,Fighting
Little Nemo: The Dream Master,1990-12-07,3.9,4,,0,Platformer
The Addams Family,1990-09-14,3.45,4,,0,Adventure
Digital Devil Story: Megami Tensei II,1990-04-06,0.0,0,,0,RPG
Ghostbusters II,1990-04-01,2.81,4,,0,"Platformer, Action"
F-Zero,1990-11-21,4.04,4,,15,"Racing, Arcade"
Wing Commander,1990-09-26,4.22,4,,1,Simulation
Sid Meier's Covert Action,1990-01-01,0.0,0,,2,"Strategy, Action, Simulation"
Hyperspeed,1990-12-31,0.0,0,,1,"Strategy, Adventure, RPG, Simulation"
King's Bounty,1990-01-01,3.82,4,,0,"Strategy, RPG"
Square Deal: The Game of Two Dimensional Poker,1990-11-30,0.0,0,,0,Strategy
Nail 'n' Scale,1990-12-13,0.0,0,,0,Puzzle
Megafortress Collection,1990-12-31,0.0,0,,0,"Action, Simulation"
Maru's Mission (1990),1990-09-28,0.0,0,,0,Action
Decap Attack,1990-12-15,0.0,5,,0,"Platformer, Action"
Super Monaco GP,1990-08-09,4.5,5,,0,Racing
Dragon Fighter,1990-08-10,0.0,0,,0,Action
Snoopy's Magic Show,1990-04-28,0.0,0,,0,"Strategy, Action, Puzzle"
Over The Net,1990-05-05,0.0,0,,0,Sports
Ninja Boy,1990-04-20,0.0,0,,0,Action
Dizzy Panic!,1990-05-01,0.0,0,,0,Puzzle
Wizards & Warriors X: The Fortress of Fear,1990-01-01,0.0,0,,0,Platformer
Super Cars,1990-01-01,0.0,0,,0,"Racing, Sports"
Kurtan,1990-01-01,0.0,0,,0,
Castle of Deceit,1990-01-01,0.0,0,,0,Platformer
Snow Bros. Jr,1990-01-01,4.2,4,,0,"Platformer, Arcade"
Challenge of the Dragon,1990-01-01,0.0,0,,0,
Football Champ,1990-01-01,0.0,0,,0,Sports
Antago,1990-01-01,0.0,0,,0,Puzzle
TV Sports: Basketball,1990-01-01,0.0,0,,0,Sports
Beetlejuice: Skeletons in the Closet,1990-01-01,0.0,0,,0,Action
Bad Blood,1990-01-01,0.0,0,,0,RPG
Trans World,1990-01-01,0.0,0,,0,Strategy
Red Baron,1990-01-01,0.0,0,,0,
ThunderStrike,1990-01-01,0.0,0,,0,Arcade
Firehawk,1990-01-01,0.0,0,,0,Arcade
PrefAce,1990-01-01,0.0,0,,0,Card
Gexis,1990-01-01,0.0,0,,0,Arcade
Lost Patrol (1990),1990-01-01,0.0,0,,0,
LHX: Attack Chopper,1990-01-01,0.0,0,,0,Simulation
Zarlor Mercenary,1990-01-01,0.0,0,,0,Action
CarVup,1990-01-01,0.0,0,,0,Puzzle
Impossamole,1990-01-01,0.0,0,,0,
Back to the Future 2,1990-01-01,0.0,0,,0,Arcade
Captain Comic 2: Fractured Reality,1990-01-01,0.0,0,,0,Arcade
Перестройка,1990-01-01,0.0,0,,0,Arcade
Total Recall (1990),1990-01-01,0.0,0,,0,"Platformer, Arcade"
Fountain of Dreams,1990-01-01,0.0,0,,0,"Adventure, RPG"
Tom and the Ghost,1990-01-01,0.0,0,,0,Arcade
Rad Racer II,1990-01-01,0.0,0,,0,Racing
Tom Clancy's The Cardinal of the Kremlin,1990-01-01,0.0,0,,0,Strategy
Filler,1990-01-01,0.0,0,,0,
Pigskin 621 A.D.,1990-01-01,0.0,0,,0,Sports
The Hugo Trilogy,1990-01-01,0.0,0,,2,Adventure
Stunts,1990-01-01,4.09,4,,0,Racing
Mixed-Up Fairy Tales,1990-01-01,0.0,0,,0,Adventure
EarthRise: A Guild Investigation,1990-01-01,0.0,0,,0,Adventure
Lucas' Problem,1990-01-01,0.0,0,,0,Puzzle
Pit-Fighter,1990-01-01,0.0,3,,0,Fighting
Lightspeed (1990),1990-01-01,0.0,0,,0,Simulation
Fire & Forget 2: The Death Convoy,1990-01-01,0.0,0,,0,"Racing, Action"
Jack Nicklaus Unlimited Golf,1990-01-01,0.0,0,,0,Sports
California Games 2,1990-01-01,0.0,0,,0,"Arcade, Sports"
Cloud Kingdoms,1990-01-01,0.0,0,,0,
Alien Force,1990-01-01,0.0,0,,0,Arcade
Airstrike USA,1990-01-01,0.0,0,,0,Arcade
Rolan's Curse,1990-01-26,0.0,0,,0,
1941: Counter Attack,1990-02-01,0.0,0,,0,"Casual, Shooter"
Quarth (1990),1990-03-16,0.0,0,,0,Puzzle
Solar Striker,1990-01-26,0.0,0,,0,Shooter
Target Earth,1990-03-16,0.0,0,,0,Action
Electro Man,1990-02-21,0.0,0,,0,"Platformer, Action"
Railroad Tycoon,1990-01-05,0.0,4,,0,"Strategy, Simulation"
S.C.A.T.: Special Cybernetic Attack Team,1990-06-22,3.5,4,,0,"Shooter, Action"
Whip Rush,1990-05-26,0.0,0,,0,Shooter
Cosmo Tank,1990-06-08,0.0,0,,0,
Dexterity,1990-06-15,0.0,0,,0,Puzzle
Jajamaru Gekimaden: Maboroshi no Kinmajou,1990-05-29,0.0,0,,0,"Adventure, RPG"
Ayakashi no Shiro,1990-05-25,0.0,0,,0,RPG
Pictionary (1990),1990-07-01,0.0,0,,0,"Board Games, Puzzle"
Solstice (1990),1990-07-20,0.0,0,,0,Puzzle
Devil's Crush (1990),1990-07-20,0.0,0,,0,"Action, Simulation"
Amazing Penguin,1990-08-08,0.0,0,,0,Action
Atomic Punk,1990-08-31,0.0,0,,0,"Action, Puzzle"
World League Soccer,1990-09-19,0.0,0,,0,Sports
XDR,1990-08-26,0.0,0,,0,
The Rescue of Princess Blobette,1990-11-09,0.0,0,,0,Puzzle
Wing Commander: The Secret Missions,1990-11-01,0.0,0,,0,Simulation
Radar Mission (1990),1990-10-23,0.0,0,,0,Action
Tecmo Bowl (1990),1990-11-13,3.5,3,,0,
The Krion Conquest,1990-12-14,0.0,0,,0,"Platformer, Action"
Fatal Labyrinth (1990),1990-11-19,2.83,4,,0,RPG
Jackie Chan's Action Kung Fu,1990-12-14,3.83,4,,0,Platformer
Battle Unit Zeoth,1990-12-21,0.0,0,,0,
Aero Blasters,1990-12-31,0.0,0,,0,Shooter
Blade Warrior (1990),1990-12-31,0.0,0,,0,
Journey to Silius,1990-08-10,3.44,3,,0,"Platformer, Action"
Powermonger (1990),1990-01-01,0.0,0,,0,
Phelios,1990-07-20,0.0,0,,0,"Shooter, Action"
Lagoon,1990-09-12,0.0,0,,0,"Action, RPG"
Ski or Die,1990-01-01,3.89,3,,0,"Arcade, Sports"
The Amazing Spider-Man (1990),1990-01-01,2.22,1,,0,"Action, Puzzle"
Silver Surfer,1990-11-01,0.0,0,,0,"Shooter, Arcade, Action"
Commander Keen Complete Pack,1990-12-13,0.0,0,,2,
The Amazing Spider-Man vs. The Kingpin,1990-01-01,3.77,4,,0,Action
Akumajou Special: Boku Dracula-kun,1990-10-19,3.86,3,,0,"Platformer, Action"
Pilotwings (1990),1990-12-21,3.11,3,,0,
Trog,1990-01-01,0.0,0,,0,"Arcade, Puzzle"
Les Manley in: Lost in LA,1990-12-31,0.0,0,,0,
SuperFly,1990-01-01,0.0,0,,5,"Indie, Arcade, Action, Simulation"
Kabuki: Quantum Fighter,1990-12-21,0.0,0,,0,Platformer
"J.R.R. Tolkien's The Lord of the Rings, Vol. I",1990-01-02,0.0,0,,0,RPG
Commander Keen: Marooned on Mars,1990-01-01,3.5,4,,0,"Platformer, Arcade, Action"
Revelation,1990-12-31,0.0,0,,0,"Casual, Arcade"
Bingo 75,1990-01-01,0.0,0,,0,Board Games
The Spy Who Loved Me,1990-01-01,0.0,0,,0,
Champions of Krynn,1990-01-01,3.67,5,,1,RPG
Mega Man 3 (1990),1990-09-28,3.94,4,,0,Action
LOOM,1990-01-01,4.08,5,,1,Adventure
Wizardry 6: Bane of the Cosmic Forge,1990-12-31,2.74,1,,1,"Adventure, RPG"
Tel-Tel Stadium,1990-10-10,0.0,0,,0,Sports
Dirty Harry,1990-12-14,0.0,0,,0,Action
Muppet Adventure: Chaos at the Carnival,1990-11-01,0.0,0,,0,Action
Rastan Saga II,1990-07-06,0.0,0,,0,
Air Diver,1990-03-09,0.0,0,,0,
Darius,1990-03-16,0.0,0,,0,
Code Name: Viper,1990-02-23,0.0,0,,0,"Shooter, Action"
Alex Kidd in Shinobi World,1990-02-01,0.0,0,,0,Platformer
SolarStriker,1990-01-26,0.0,0,,0,
Race America,1990-01-01,0.0,0,,0,Racing
Pesterminator: The Western Exterminator,1990-01-01,0.0,0,,0,
Nintendo World Championships,1990-01-01,0.0,0,,0,
Loopz,1990-01-01,0.0,0,,0,"Strategy, Puzzle"
A Prehistoric Tale,1990-01-01,0.0,0,,0,Puzzle
Moon Ranger,1990-01-01,0.0,0,,0,Action
Déjà Vu 2: Lost in Las Vegas,1990-01-01,0.0,0,,0,Adventure
Silent Service II,1990-01-01,0.0,0,,0,
Corporation,1990-01-01,0.0,0,,0,"Shooter, Action, RPG"
Colorado,1990-01-01,0.0,0,,0,Arcade
KZ Manager,1990-01-01,0.0,0,,0,Strategy
Beverly Hills Cop (1990),1990-01-01,0.0,0,,0,
TV Sports Basketball,1990-01-01,0.0,0,,0,
Where in the World Is Carmen Sandiego? Deluxe Edition,1990-01-01,0.0,0,,0,Educational
Challenge of the Ancient Empires!,1990-01-01,0.0,0,,0,Arcade
Extase,1990-01-01,0.0,0,,0,"Strategy, Action"
Stellar 7,1990-01-01,0.0,0,,0,Simulation
Shanghai 2: Dragon's Eye,1990-01-01,0.0,0,,0,Board Games
Tetriller,1990-01-01,0.0,0,,0,Arcade
Dino Wars,1990-01-01,0.0,0,,0,"Arcade, Fighting"
Coloris,1990-01-01,0.0,0,,0,Puzzle
Atomix,1990-01-01,0.0,0,,0,Puzzle
LHX Attack Chopper,1990-01-01,0.0,0,,0,
Low Blow,1990-01-01,0.0,0,,0,Sports
Crime Wave,1990-01-01,0.0,0,,0,Arcade
Motor Psycho,1990-01-01,0.0,0,,0,Racing
Mindbender,1990-01-01,0.0,0,,0,
Scrapyard Dog,1990-01-01,0.0,0,,0,"Platformer, Adventure, Puzzle"
Todd's Adventures in Slime World,1990-01-01,0.0,0,,0,Action
Flood,1990-01-01,0.0,0,,0,
Ninja Golf,1990-01-01,0.0,0,,0,Sports
Projectyle,1990-01-01,0.0,0,,0,"Action, Sports"
Navy SEALS (1990),1990-01-01,0.0,0,,0,
Basketbrawl,1990-01-01,0.0,0,,0,Sports
Deliverance: Stormlord II,1990-01-01,0.0,0,,0,Platformer
ThunderJaws,1990-01-01,0.0,0,,0,
Anarchy,1990-01-01,0.0,0,,0,
Flimbo's Quest,1990-01-01,0.0,0,,0,
Conflict: Middle East Political Simulator,1990-01-01,0.0,0,,0,
Teenage Mutant Ninja Turtles (1990),1990-01-01,4.1,5,,0,Arcade
Strider II,1990-01-01,0.0,0,,0,
Fatal Run (1990),1990-01-01,0.0,0,,0,"Racing, Arcade, Fighting"
Adventures of Lolo 2 (1990),1990-01-06,0.0,0,,0,Puzzle
SRD: Super Real Darwin,1990-04-07,0.0,0,,0,
Granada,1990-04-14,0.0,0,,0,
Pitman (1990),1990-06-01,0.0,0,,0,Puzzle
Wall Street Kid,1990-06-01,0.0,0,,0,Strategy
Thunder Force III,1990-06-08,0.0,0,,0,
Starship Hector,1990-06-01,0.0,0,,0,"Shooter, Action"
Microsoft Solitaire,1990-05-22,0.0,0,,0,Card
Xenon 2: Megablast,1990-01-01,4.4,5,,0,"Shooter, Arcade"
Wings (2002),1990-10-18,0.0,0,,0,"Shooter, Simulation"
Bo Jackson Baseball,1990-10-01,0.0,0,,0,Sports
Hellfire,1990-09-28,0.0,0,,0,
Burning Force,1990-10-19,0.0,0,,0,
Super Glove Ball,1990-10-01,0.0,0,,0,Action
Fire Shark,1990-11-02,0.0,5,,0,
Digger T. Rock,1990-12-01,0.0,0,,0,Platformer
Heavy Unit,1990-12-12,0.0,0,,0,
MUSHA (1990),1990-12-21,0.0,4,,0,"Shooter, Arcade, Action"
Crack Down (1990),1990-12-20,0.0,4,,0,
James Pond,1990-01-01,3.5,3,,0,
Knights of the Crystallion,1990-01-01,0.0,0,,0,"Adventure, Puzzle"
Centurion: Defender of Rome,1990-01-01,0.0,4,,4,"Strategy, Action"
Buck Rogers: Countdown to Doomsday,1990-01-01,0.0,0,,0,RPG
Quest for Glory II: Trial by Fire,1990-01-01,0.0,0,,0,"Adventure, RPG"
Xenomorph (1990),1990-01-01,0.0,0,,0,RPG
Shadow of the Beast II,1990-01-01,0.0,0,,0,
Rampart (1990),1990-01-01,0.0,0,,0,"Strategy, Puzzle"
Kickle Cubicle,1990-06-29,0.0,4,,0,Puzzle
Heart of China,1990-12-31,0.0,0,,0,Adventure
Low G Man: The Low Gravity Man,1990-09-01,0.0,0,,0,"Platformer, Action"
Ziriax,1990-01-02,0.0,0,,0,"Shooter, Action, Simulation"
Shadow Dancer: The Secret of Shinobi,1990-12-01,4.09,4,,0,Action
Columns (1990),1990-06-29,3.6,4,,0,Puzzle
King's Quest 5: Absence Makes the Heart Go Yonder,1990-11-01,0.0,5,,0,Adventure
Uncharted Waters / 大航海時代,1990-01-01,0.0,0,,0,RPG
Shadow of the Ninja (1990),1990-08-10,3.63,4,,0,
Download,1990-06-22,0.0,0,,0,Shooter
Phantasy Star III: Generations of Doom,1990-04-21,3.47,4,,0,RPG
Castle of Illusion Starring Mickey Mouse (1990),1990-11-20,3.72,4,,0,Platformer
The Oregon Trail,1990-01-01,3.78,4,,7,"Arcade, Casual, Adventure, Educational"
Final Fantasy Legend II,1990-12-14,0.0,0,,0,RPG
Maupiti Island,1990-01-01,0.0,0,,0,Adventure
E-Motion,1990-01-01,0.0,0,,0,"Strategy, Arcade, Action, Puzzle"
Ultima VI: The False Prophet,1990-01-02,3.27,4,,0,RPG
Blue Max: Aces of the Great War,1990-01-01,0.0,0,,0,"Strategy, Action, Simulation"
Chip 'n Dale Rescue Rangers,1990-06-08,4.24,4,,0,Action
Image Fight,1990-03-16,0.0,0,,0,Shooter
Gun-Nac,1990-10-05,0.0,5,,0,
The Secret of Monkey Island,1990-10-01,4.35,5,,0,Adventure
Final Fantasy III (1990),1990-04-27,3.52,4,,0,RPG
Silent Service 2,1990-11-06,0.0,0,,1,Simulation
The Super Spy,1990-10-08,0.0,0,,0,Action
Pharaoh's Tomb,1990-12-14,1.89,1,,1,"Platformer, Action"
Conquests of the Longbow: The Legend of Robin Hood,1990-12-31,4.29,5,,1,"Adventure, Puzzle"
Eye of the Beholder,1990-01-01,3.21,4,,1,"Casual, Indie, Adventure, RPG"
Junction,1990-11-25,0.0,0,,0,Puzzle
Red Baron (1990),1990-12-01,0.0,0,,0,Simulation
Fire Hawk: Thexder - The Second Contact,1990-12-31,0.0,0,,0,Action
Mario Brothers,1990-11-26,4.0,4,,0,Arcade
Cyber Knight (1990),1990-10-10,0.0,0,,0,RPG
Battle Bull,1990-11-30,0.0,0,,0,Action
Romance of the Three Kingdoms II,1990-01-01,0.0,0,,0,"Strategy, Simulation"
Gremlins 2: The New Batch,1990-01-01,0.0,0,,0,"Platformer, Arcade, Puzzle"
F1 Circus,1990-01-01,0.0,0,,0,Racing
The Hunt for Red October,1990-01-01,0.0,0,,0,"Arcade, Action"
Police Quest III: The Kindred,1990-01-01,0.0,4,,0,Adventure
Hatris,1990-01-01,0.0,0,,0,Puzzle
Gauntlet: The Third Encounter,1990-01-01,0.0,0,,0,
Peek-A-Boo Poker,1990-01-01,0.0,0,,0,
The Ultimate Stuntman,1990-01-01,0.0,0,,0,Action
Wizardry 6+7,1990-01-01,0.0,0,,0,RPG
Catacomb,1990-01-01,0.0,0,,0,"Shooter, Arcade, Action"
Days of Thunder (1990),1990-01-01,0.0,0,,0,"Racing, Simulation"
Big Business,1990-01-01,0.0,0,,0,Strategy
Future Classics Collection,1990-01-01,0.0,0,,0,Arcade
Dawn Raider,1990-01-01,0.0,0,,0,Arcade
Alpha Waves,1990-01-01,0.0,0,,0,Platformer
Imperium,1990-01-01,0.0,0,,0,Shooter
JetFighter 2: Advanced Tactical Fighter,1990-01-01,0.0,0,,0,Simulation
Madame Ching's Dungeon of Ecstasy,1990-01-01,0.0,0,,0,Arcade
Mr. Boom,1990-01-01,0.0,0,,0,Arcade
7 Cards,1990-01-01,0.0,0,,0,Card
4D Sports: Tennis,1990-01-01,0.0,0,,0,Sports
SimEarth: The Living Planet,1990-01-01,0.0,0,,0,"Strategy, Educational"
Masterblazer,1990-01-01,0.0,0,,0,Action
Hit the Ice,1990-01-01,0.0,0,,0,Sports
Power Drift,1990-01-01,0.0,0,,0,Racing
Sharkey's 3D Pool,1990-01-01,0.0,0,,0,Sports
Vaxine,1990-01-01,0.0,0,,0,Arcade
European Soccer Challenge,1990-01-01,0.0,0,,0,Sports
Tunnels & Trolls: Crusaders of Khazan,1990-01-01,0.0,0,,0,RPG
Quattro compilations,1990-01-01,0.0,0,,0,"Racing, Sports"
Gazza II,1990-01-01,0.0,0,,0,Sports
It Came from the Desert SEGA,1990-01-01,0.0,0,,0,Action
Crazy Sue,1990-01-01,0.0,0,,0,
The Combatribes (1990),1990-01-01,0.0,0,,0,Action
Bio-ship Paladin,1990-01-01,0.0,0,,0,
The Killing Game Show,1990-01-01,0.0,0,,0,Action
Ishido: The Way of Stones,1990-01-01,0.0,0,,0,Puzzle
Scrabble: The Deluxe Computer Edition,1990-01-01,0.0,0,,0,Board Games
Links,1990-01-01,0.0,0,,0,Sports
Les Tuniques Bleues - North & South,1990-01-01,0.0,0,,0,Strategy
MegaTraveller 1: The Zhodani Conspiracy,1990-01-01,0.0,0,,0,RPG
Castle Master,1990-01-01,0.0,0,,0,"Adventure, RPG, Puzzle"
Bomberman: Users Battle,1990-01-01,0.0,0,,0,"Action, Puzzle"
StormLord,1990-01-01,0.0,0,,0,Arcade
Skate or Die 2: The Search for Double Trouble,1990-01-01,0.0,0,,0,
Saiyuuki World 2: Tenjoukai no Majin,1990-01-01,0.0,0,,0,"Platformer, Action"
Days of Thunder,1990-01-01,0.0,0,,0,Racing
Demon Sword,1990-01-01,0.0,0,,0,"Platformer, Action"
Bill Elliott's NASCAR Challenge,1990-01-01,0.0,0,,0,Racing
Venus The Flytrap,1990-01-01,0.0,0,,0,
Battle Command,1990-01-01,0.0,0,,0,"Strategy, Action, Simulation"
Parodius Da!,1990-01-01,0.0,4,,0,Arcade
Megapanel,1990-01-01,0.0,0,,0,Puzzle
Alien Brigade,1990-01-01,0.0,0,,0,
Alpha Waves (Continuum),1990-01-01,0.0,0,,0,Arcade
Legend of Faerghail,1990-01-01,0.0,0,,0,RPG
Pin Bot,1990-04-01,0.0,0,,0,
Sansara Naga,1990-03-23,0.0,0,,0,RPG
Soccer Mania,1990-04-27,0.0,0,,0,"Simulation, Sports"
Parodius! From Myth to Laughter,1990-04-25,0.0,0,,0,
NAM-1975,1990-04-26,0.0,0,,0,"Arcade, Action"
List of Nintendo Entertainment System games,1990-05-18,0.0,0,,0,Sports
The Adventures of Gilligan's Island,1990-07-01,0.0,0,,0,"Strategy, Adventure, Action"
Bonanza Bros. (1990),1990-06-18,3.82,4,,0,Platformer
Puss 'n Boots: Pero's Great Adventure,1990-06-01,0.0,0,,0,
To the Earth,1990-02-23,0.0,0,,0,Shooter
Wraith (1990),1990-01-05,0.0,0,,0,RPG
Lotus,1990-01-01,4.12,5,,0,Racing
Turrican,1990-01-01,4.67,5,,0,
Z-Out,1990-01-01,0.0,0,,0,
Captain Tsubasa II: Super Striker,1990-07-20,0.0,0,,0,Sports
Daedalian Opus,1990-07-20,0.0,0,,0,Puzzle
ESWAT: City Under Siege,1990-07-14,3.29,4,,0,Action
Kyūkai Dōchūki,1990-07-12,0.0,0,,0,Sports
The Bugs Bunny Birthday Blowout,1990-08-03,0.0,0,,0,Adventure
King's Quest 1: Quest for the Crown,1990-09-01,0.0,3,,0,Adventure
Dick Tracy (1990),1990-08-01,0.0,4,,0,Platformer
Bases Loaded 3,1990-07-27,0.0,0,,0,"Simulation, Sports"
Godzilla (1990),1990-10-18,0.0,0,,0,"Action, Puzzle"
After Burst,1990-10-26,0.0,0,,0,Action
Night Shift (1990),1990-10-01,0.0,0,,0,Action
Skate or Die: Bad 'N Rad,1990-09-01,0.0,0,,0,Action
Tecmo World Cup Soccer,1990-12-07,3.57,4,,0,Sports
The Goldhunt Adventures,1990-12-01,0.0,0,,0,Arcade
STED: Starfield of Memorable Relics,1990-07-27,0.0,0,,0,RPG
Magic Jewelry,1990-01-01,4.0,4,,0,Puzzle
Lorna,1990-01-01,0.0,0,,0,Action
Sword Master (1990),1990-12-21,0.0,0,,0,
Crystals of Arborea,1990-03-05,0.0,0,,0,RPG
Wrath of the Demon,1990-01-01,0.0,0,,0,"Arcade, Action"
Dragon Lord (1990),1990-01-01,0.0,0,,0,Strategy
StarBlade,1990-01-01,0.0,0,,0,Arcade
Quest for Glory 2: Trial by Fire,1990-01-01,0.0,5,,0,"Adventure, RPG"
Spellcasting 101: Sorcerers Get All the Girls,1990-01-01,0.0,0,,0,Adventure
E.V.O.: The Theory of Evolution,1990-05-26,0.0,0,,0,RPG
Little Puff in Dragonland,1990-01-01,0.0,0,,0,Adventure
Prehistorik 1+2,1990-12-31,0.0,4,,0,"Platformer, Action"
Magicland Dizzy (2010),1990-06-17,0.0,0,,0,Adventure
Teenage Mutant Ninja Turtles: Fall of the Foot Clan,1990-08-03,3.75,4,,0,Action
Gunboat,1990-01-01,0.0,0,,0,"Action, Simulation"
Shadow Knights,1990-01-01,0.0,0,,0,"Platformer, Arcade, Action"
Michael Jackson's Moonwalker,1990-08-24,3.9,4,,0,"Shooter, Platformer"
DragonStrike,1990-01-01,0.0,0,,1,"Shooter, Action, RPG, Simulation"
James Bond: The Stealth Affair,1990-01-01,0.0,0,,0,Adventure
City Hunter,1990-03-02,0.0,0,,0,"Arcade, Adventure"
Tank Wars,1990-01-01,0.0,0,,0,"Strategy, Arcade"
SD The Great Battle,1990-12-29,0.0,0,,0,"Platformer, Action"
Yo! Noid,1990-03-16,4.12,4,,0,
King's Quest V,1990-11-09,4.08,5,,0,Adventure
Battle Tank,1990-09-01,3.67,4,,0,Simulation
Mad Max (1990),1990-07-01,0.0,5,,0,Action
Pop'n TwinBee,1990-10-12,0.0,0,,0,Shooter
Timequest,1990-12-31,0.0,0,,1,Adventure
The Immortal,1990-01-01,3.8,5,,1,"Adventure, Action, RPG, Casual, Strategy, Arcade"
DRAGON QUEST IV,1990-02-11,3.93,4,,0,RPG
Teenage Mutant Ninja Turtles II: The Arcade Game,1990-11-30,4.27,4,,0,"Arcade, Action, Fighting"
Secret of the Silver Blades,1990-01-01,1.83,1,,51,RPG
Ninja Gaiden II: The Dark Sword of Chaos (1990),1990-04-06,4.07,4,,0,"Platformer, Arcade, Action, Fighting"
Torvak the Warrior,1990-01-01,0.0,0,,0,
BattleTech: The Crescent Hawks' Revenge,1990-12-31,0.0,0,,0,Strategy
Forgotten Realms - The Archives - Collection One,1990-12-31,0.0,0,,0,RPG
Kujaku Ou II,1990-08-21,0.0,0,,0,Adventure
Conquest of the Crystal Palace,1990-11-24,0.0,0,,0,"Platformer, Action"
Garry Kitchen's Battletank,1990-09-01,0.0,0,,0,Simulation
Ninja Crusaders,1990-12-14,0.0,0,,0,Platformer
The Adventures of Rad Gravity,1990-12-30,0.0,0,,0,"Platformer, Action"
Balloon Kid (1990),1990-10-05,0.0,0,,0,Platformer
Air Buster,1990-01-01,3.12,3,,0,Shooter
Star Control,1990-01-01,3.67,4,,0,"Strategy, Arcade, Action"
Tom & Jerry: Cat-astrophe,1990-01-01,0.0,4,,0,Arcade
Stratego,1990-01-01,0.0,0,,0,"Strategy, Board Games"
Dick Tracy,1990-01-01,0.0,0,,0,Arcade
PGA Tour Golf,1990-01-01,0.0,0,,0,Sports
Battlemaster,1990-01-01,0.0,0,,0,"Strategy, Action"
Operation Stealth,1990-01-01,0.0,0,,0,Adventure
Hard Nova,1990-01-01,0.0,0,,0,RPG
Oxyd,1990-01-01,0.0,0,,0,Puzzle
International Soccer Challenge,1990-01-01,0.0,0,,0,Sports
Madame Ching's Palace of Pleasure,1990-01-01,0.0,0,,0,Arcade
Moonbase: A Lunar Colony Simulation,1990-01-01,0.0,0,,0,Strategy
Tesserae (1990),1990-01-01,0.0,0,,0,Puzzle
Space: 1889,1990-01-01,0.0,0,,0,Adventure
The Light Corridor,1990-01-01,0.0,0,,0,Puzzle
X-Rock,1990-01-01,0.0,0,,0,Arcade
Test Drive 3: The Passion,1990-01-01,0.0,0,,0,Racing
Snakewinder,1990-01-01,0.0,0,,0,
Rockin' Magic Ball,1990-01-01,0.0,0,,0,Arcade
Тысяча,1990-01-01,0.0,0,,0,Card
Kings of the Beach,1990-01-01,0.0,0,,0,Sports
Little League Baseball: Championship Series,1990-01-01,0.0,0,,0,Sports
Miracle Piano Teaching System,1990-01-01,0.0,0,,0,
Shadowforge,1990-01-01,0.0,0,,0,RPG
Supremacy: Your Will Be Done,1990-01-01,0.0,0,,0,Strategy
Spirit of Excalibur,1990-01-01,0.0,0,,0,"Strategy, Adventure, RPG"
Die Hard,1990-01-01,0.0,0,,0,Shooter
Horror Zombies from the Crypt,1990-01-01,0.0,0,,0,Arcade
Spot: The Video Game,1990-01-01,0.0,0,,0,"Strategy, Board Games, Puzzle"
Awesome,1990-01-01,0.0,0,,0,"Strategy, Action"
Fiendish Freddy's Big Top O'Fun,1990-01-01,0.0,0,,0,
Player Manager,1990-01-01,0.0,0,,0,"Simulation, Sports"
Das Boot,1990-01-01,0.0,0,,0,
Matrix Marauders,1990-01-01,0.0,0,,0,Racing
Thunder Fox,1990-01-01,0.0,0,,0,Action
Hammerin' Harry,1990-01-01,0.0,0,,0,
The Bard's Tale 3: Thief of Fate,1990-01-01,0.0,0,,0,RPG
Vega (1990),1990-01-01,0.0,0,,0,Board Games
Timeball,1990-01-01,0.0,0,,0,Puzzle
Simulcra,1990-01-01,0.0,0,,0,
Pig Out: Dine Like a Swine!,1990-01-01,0.0,0,,0,Arcade
High Impact Football,1990-01-01,0.0,0,,0,"Arcade, Sports"
Rorke’s Drift,1990-01-01,0.0,0,,0,Strategy
Rules of Engagement,1990-12-31,0.0,0,,0,
Qix (1990),1990-04-13,0.0,0,,0,Action
Gargoyle's Quest (1990),1990-05-02,3.7,4,,0,
Tel-Tel Mahjong,1990-06-08,0.0,0,,0,Strategy
Heavy Shreddin',1990-06-01,0.0,0,,0,Sports
Palamedes,1990-07-06,0.0,0,,0,Puzzle
Burai Fighter,1990-06-27,0.0,0,,0,
Heiankyo Alien,1990-01-14,0.0,0,,0,"Action, Puzzle"
Snake's Revenge,1990-04-01,2.14,1,,0,"Shooter, Adventure, Action, RPG, Strategy"
Serpent,1990-04-06,0.0,0,,0,Action
Dash Galaxy in the Alien Asylum,1990-02-01,0.0,0,,0,"Action, Puzzle"
Yogi's Great Escape,1990-01-04,0.0,0,,0,"Platformer, Action"
Captive,1990-01-01,0.0,0,,2,"Indie, Strategy, Adventure, RPG"
jack the giant slayer,1990-12-19,0.0,0,,0,Action
Back to the Future Part II & III,1990-09-01,0.0,0,,0,Puzzle
Cadaver,1990-08-01,0.0,0,,0,Arcade
Wing Commander 1+2,1990-09-25,0.0,0,,0,"Shooter, Action"
Zan: Yasha Enbukyoku,1990-09-04,0.0,0,,0,Strategy
Bubble Dizzy (1990),1990-11-01,0.0,0,,0,Action
Kwik Snax (1990),1990-11-01,0.0,0,,0,Adventure
Formula One: Built to Win,1990-11-01,0.0,0,,0,Racing
CrossFire (NES),1990-11-02,0.0,0,,0,Action
Cross Fire (1990),1990-11-02,3.29,3,,0,Action
Menace Beach,1990-01-01,0.0,0,,0,
"Ivan ""Iron Man"" Stewart's Super Off Road",1990-01-01,0.0,4,,0,"Racing, Arcade"
Elemental Master,1990-12-14,0.0,0,,0,
Metal Mech,1990-12-14,0.0,0,,0,Action
Dungeons of Doom,1990-01-01,0.0,0,,0,RPG
The Adventures of Willy Beamish,1990-12-31,0.0,0,,1,Adventure
Rescue Rover Collection,1990-12-31,0.0,0,,0,Action
Das Boot: German U-Boat Simulation,1990-12-31,0.0,0,,0,"Strategy, Adventure, Action, Simulation"
Commander Keen 3: Keen Must Die!,1990-01-01,3.33,3,,0,"Platformer, Arcade, Action"
Bravoman,1990-04-09,0.0,0,,0,Action
Dangerous Dave,1990-01-01,3.72,4,,0,Arcade
Smash TV,1990-04-01,3.59,4,,0,Action
Crystalis,1990-07-01,4.0,5,,0,"Action, RPG"
A Boy and His Blob: Trouble on Blobolonia,1990-11-29,3.89,4,,0,"Platformer, Puzzle"
Street Fighter 2010: The Final Fight (1990),1990-08-08,3.29,5,,0,
The Punisher (1990),1990-11-01,4.0,4,,0,
StarTropics (1990),1990-12-01,3.75,4,,0,
Zombie Nation,1990-12-14,0.0,0,,0,
Altered Destiny,1990-09-30,0.0,0,,1,Adventure
Metal Gear 2: Solid Snake,1990-07-20,4.0,4,,0,"Adventure, Action"
Dr. Mario,1990-07-27,3.88,4,,0,Puzzle
Wizardry VI: Bane of the Cosmic Forge,1990-01-01,0.0,0,,0,RPG
Nintendo World Cup,1990-05-18,4.06,4,,0,Sports
Fire Emblem: Shadow Dragon and the Blade of Light,1990-04-20,3.76,4,,0,"Strategy, RPG"
Solitaire (1990),1990-05-22,4.03,4,,0,Card
Worlds of Ultima: The Savage Empire,1990-12-29,1.99,1,,1,"Adventure, RPG"
